facility,data,carrier,volume
1246923179,15/06/2026,J&T,1
1246930123,15/06/2026,J&T,1
1247496192,15/06/2026,Carvalima,1
1247498615,15/06/2026,Carvalima,1
1247499008,15/06/2026,Dominalog,1
1247501025,15/06/2026,Carvalima,1
1302003936,15/06/2026,J&T,1
1304440879,15/06/2026,J&T,1
1352414411,15/06/2026,J&T,1
1352415573,15/06/2026,J&T,1
1352935598,15/06/2026,J&T,1
1353707418,15/06/2026,J&T,1
1353911098,15/06/2026,J&T,1
1408246943,15/06/2026,J&T,2
1414214976,15/06/2026,J&T,1
1430049856,15/06/2026,J&T,1
1438952026,15/06/2026,J&T,1
1457387996,15/06/2026,J&T,2
1479133805,15/06/2026,J&T,1
1481880624,15/06/2026,J&T,1
1482579973,15/06/2026,J&T,1
1503271489,15/06/2026,J&T,1
1508699059,15/06/2026,J&T,1
1514463765,15/06/2026,J&T,1
1515789648,15/06/2026,J&T,1
1518629611,15/06/2026,J&T,1
1525686420,15/06/2026,J&T,1
1526392436,15/06/2026,J&T,1
1550232982,15/06/2026,J&T,1
1551905710,15/06/2026,J&T,1
1556631046,15/06/2026,J&T,1
1565692029,15/06/2026,J&T,1
1565900074,15/06/2026,J&T,1
1572443428,15/06/2026,J&T,3
1575741955,15/06/2026,Carvalima,1
1578046653,15/06/2026,J&T,1
1582450167,15/06/2026,J&T,1
1582450491,15/06/2026,J&T,1
1582452943,15/06/2026,J&T,2
1582453981,15/06/2026,J&T,1
1582465251,15/06/2026,J&T,1
1582465635,15/06/2026,Carvalima,1
1582465713,15/06/2026,Carvalima,1
1582563813,15/06/2026,J&T,1
1583388270,15/06/2026,J&T,2
1585854647,15/06/2026,J&T,1
1587181026,15/06/2026,J&T,2
1589791012,15/06/2026,J&T,1
1590168716,15/06/2026,Carvalima,1
1590631286,15/06/2026,J&T,1
1590636292,15/06/2026,J&T,1
1590744602,15/06/2026,J&T,1
1590768640,15/06/2026,J&T,1
1594667090,15/06/2026,Carvalima,1
1594669008,15/06/2026,J&T,1
1596182524,15/06/2026,J&T,1
1596203380,15/06/2026,Carvalima,1
1596209722,15/06/2026,Carvalima,1
1596214248,15/06/2026,J&T,1
1596214930,15/06/2026,J&T,1
1596215116,15/06/2026,J&T,1
1596216388,15/06/2026,J&T,1
1596218178,15/06/2026,J&T,1
1603011841,15/06/2026,J&T,1
1603021609,15/06/2026,J&T,1
1603037001,15/06/2026,J&T,1
1603110023,15/06/2026,J&T,2
1603828663,15/06/2026,Carvalima,1
1604279341,15/06/2026,J&T,1
1621454262,15/06/2026,Loggi,1
1622160344,15/06/2026,J&T,1
1622657070,15/06/2026,J&T,1
849817033_107132252,15/06/2026,Carvalima,1
849817033_117021299,15/06/2026,J&T,1
849817033_12917,15/06/2026,J&T,1
849817033_14949,15/06/2026,J&T,1
849817033_15408,15/06/2026,J&T,1
849817033_17272402,15/06/2026,J&T,1
849817033_174018242,15/06/2026,J&T,1
849817033_17665,15/06/2026,J&T,1
849817033_18324,15/06/2026,J&T,1
849817033_211043,15/06/2026,J&T,1
849817033_216678115,15/06/2026,Carvalima,1
849817033_219465496,15/06/2026,Carvalima,1
849817033_22204,15/06/2026,Carvalima,1
849817033_22407,15/06/2026,J&T,1
849817033_224554975,15/06/2026,J&T,1
849817033_22619,15/06/2026,Carvalima,1
849817033_22764,15/06/2026,Carvalima,1
849817033_22931,15/06/2026,Carvalima,1
849817033_230260000,15/06/2026,Carvalima,1
849817033_232686754,15/06/2026,J&T,1
849817033_237523630,15/06/2026,J&T,1
849817033_24076,15/06/2026,J&T,1
849817033_24196,15/06/2026,J&T,2
849817033_24374,15/06/2026,J&T,1
849817033_245946,15/06/2026,J&T,1
849817033_25896932,15/06/2026,J&T,1
849817033_26577804,15/06/2026,J&T,1
849817033_27751705,15/06/2026,Carvalima,1
849817033_29373,15/06/2026,Carvalima,1
849817033_30313,15/06/2026,J&T,1
849817033_31120,15/06/2026,J&T,1
849817033_31198924,15/06/2026,Carvalima,1
849817033_31892746,15/06/2026,Carvalima,1
849817033_3637691,15/06/2026,Carvalima,1
849817033_37582273,15/06/2026,J&T,1
849817033_380982,15/06/2026,J&T,1
849817033_38631,15/06/2026,J&T,1
849817033_40774,15/06/2026,Carvalima,1
849817033_41426,15/06/2026,Loggi,1
849817033_4773780,15/06/2026,Carvalima,1
849817033_48424,15/06/2026,J&T,1
849817033_60365,15/06/2026,J&T,1
849817033_60432208,15/06/2026,J&T,1
849817033_70307053,15/06/2026,J&T,1
849817033_72690124,15/06/2026,J&T,1
849817033_77491019,15/06/2026,J&T,1
849817033_837818,15/06/2026,J&T,1
849817033_87804856,15/06/2026,J&T,1
849817033_9352068,15/06/2026,J&T,1
ARENA,15/06/2026,J&T,4183
ARENA,15/06/2026,Jad,1261
ARENA,15/06/2026,Loggi,1407
BRASP1,15/06/2026,J&T,1
BRBA01,15/06/2026,J&T,220
BRBA02,15/06/2026,J&T,12
BRSP02,15/06/2026,J&T,6001
BRSP04,15/06/2026,J&T,7123
BRSP06,15/06/2026,J&T,1
BRSP14,15/06/2026,J&T,7272
BRSP24,15/06/2026,J&T,1
BRTR07,15/06/2026,Jad,2
BRXGO1,15/06/2026,J&T,1
BRXMG2,15/06/2026,J&T,2
BRXMG3,15/06/2026,J&T,2
BRXSP10,15/06/2026,J&T,3075
BRXSP10,15/06/2026,Loggi,905
BRXSP5,15/06/2026,J&T,542
BRXSP9,15/06/2026,Carvalima,13739
BRXSP9,15/06/2026,Dominalog,3083
BRXSP9,15/06/2026,J&T,199841
BRXSP9,15/06/2026,Jad,9571
BRXSP9,15/06/2026,Loggi,24668
BRXSP9,15/06/2026,iMile Fast,5070
BRXSP9,15/06/2026,iMile Slow,5113
CAMPINAS,15/06/2026,J&T,217
CAMPINAS,15/06/2026,Jad,520
CAMPINAS,15/06/2026,Loggi,552
SBA2,15/06/2026,J&T,219
SBA7,15/06/2026,J&T,6
SGO2,15/06/2026,J&T,1
XMG1,15/06/2026,J&T,8
XSP4,15/06/2026,J&T,7811
XSP4,15/06/2026,Jad,360
XSP4,15/06/2026,Loggi,323
1012572670,16/06/2026,Jad,1
1232635016,16/06/2026,Loggi,1
1246930590,16/06/2026,Loggi,1
1246938297,16/06/2026,Loggi,1
1246939527,16/06/2026,J&T,1
1247498500,16/06/2026,Jad,1
1247500396,16/06/2026,Loggi,1
1317905118,16/06/2026,Loggi,1
1351665317,16/06/2026,Loggi,1
1351667043,16/06/2026,Jad,1
1351667303,16/06/2026,Jad,1
1362583788,16/06/2026,Jad,1
1447094539,16/06/2026,Loggi,1
1513057799,16/06/2026,Loggi,2
1529618376,16/06/2026,Jad,1
1531178013,16/06/2026,Loggi,1
1533814782,16/06/2026,Loggi,1
1538412474,16/06/2026,Jad,1
1538412740,16/06/2026,Jad,1
1538412740,16/06/2026,Loggi,1
1572481888,16/06/2026,Loggi,1
1572804134,16/06/2026,Loggi,1
1583472755,16/06/2026,Jad,2
1590168716,16/06/2026,Jad,1
1596180620,16/06/2026,Jad,1
1596182864,16/06/2026,Jad,1
1596209224,16/06/2026,Jad,1
1596217796,16/06/2026,Loggi,1
1596248422,16/06/2026,Loggi,1
1603065811,16/06/2026,J&T,1
1603099997,16/06/2026,Jad,1
1603549665,16/06/2026,Loggi,1
1603623351,16/06/2026,Loggi,1
1622182990,16/06/2026,Jad,1
849817033_100604,16/06/2026,Loggi,1
849817033_116587343,16/06/2026,Loggi,1
849817033_144769874,16/06/2026,Loggi,1
849817033_14484,16/06/2026,J&T,1
849817033_157276292,16/06/2026,Jad,1
849817033_16000,16/06/2026,Loggi,1
849817033_16390,16/06/2026,Jad,1
849817033_16390,16/06/2026,Loggi,1
849817033_1671872,16/06/2026,Jad,1
849817033_174099557,16/06/2026,J&T,1
849817033_198904126,16/06/2026,Loggi,1
849817033_202335820,16/06/2026,Jad,1
849817033_203914464,16/06/2026,Loggi,1
849817033_206431669,16/06/2026,Loggi,1
849817033_21090,16/06/2026,Loggi,1
849817033_213945694,16/06/2026,Jad,1
849817033_214781683,16/06/2026,J&T,1
849817033_22194,16/06/2026,Loggi,1
849817033_226588549,16/06/2026,Jad,1
849817033_22715,16/06/2026,Jad,1
849817033_22765,16/06/2026,Loggi,1
849817033_23632,16/06/2026,Loggi,1
849817033_254603611,16/06/2026,Jad,1
849817033_27751705,16/06/2026,Jad,1
849817033_29015,16/06/2026,Loggi,1
849817033_29800,16/06/2026,Loggi,1
849817033_29836,16/06/2026,Loggi,1
849817033_29887480,16/06/2026,Loggi,1
849817033_34277,16/06/2026,Loggi,1
849817033_42269,16/06/2026,Loggi,1
849817033_47089057,16/06/2026,Carvalima,1
849817033_75890,16/06/2026,Jad,1
849817033_87520282,16/06/2026,Jad,1
849817033_94216177,16/06/2026,Loggi,1
ARENA,16/06/2026,J&T,12603
ARENA,16/06/2026,Jad,1130
ARENA,16/06/2026,Loggi,1890
BRBA01,16/06/2026,J&T,5415
BRBA02,16/06/2026,J&T,57
BRSP02,16/06/2026,J&T,3894
BRSP04,16/06/2026,J&T,2765
BRSP14,16/06/2026,J&T,23471
BRTR07,16/06/2026,Jad,10
BRXGO1,16/06/2026,J&T,18256
BRXSP10,16/06/2026,J&T,41045
BRXSP10,16/06/2026,Loggi,2044
BRXSP14,16/06/2026,J&T,1
BRXSP5,16/06/2026,J&T,1447
BRXSP9,16/06/2026,Carvalima,4574
BRXSP9,16/06/2026,Dominalog,1546
BRXSP9,16/06/2026,J&T,74454
BRXSP9,16/06/2026,Jad,11322
BRXSP9,16/06/2026,Loggi,21547
BRXSP9,16/06/2026,iMile Fast,4081
BRXSP9,16/06/2026,iMile Slow,3777
CAMPINAS,16/06/2026,J&T,7251
CAMPINAS,16/06/2026,Jad,766
CAMPINAS,16/06/2026,Loggi,911
SMG2,16/06/2026,J&T,1
SRJ2,16/06/2026,J&T,1
XMG1,16/06/2026,J&T,19709
XSP4,16/06/2026,J&T,800
XSP4,16/06/2026,Jad,443
XSP4,16/06/2026,Loggi,732
,17/06/2026,Carvalima,2
1538411918,17/06/2026,J&T,1
1563568831,17/06/2026,J&T,1
1603634307,17/06/2026,J&T,1
849817033_184980,17/06/2026,J&T,1
849817033_188781913,17/06/2026,J&T,1
849817033_25056,17/06/2026,J&T,1
849817033_29276842,17/06/2026,J&T,1
ARENA,17/06/2026,J&T,33911
ARENA,17/06/2026,Jad,1056
ARENA,17/06/2026,Loggi,1367
BRBA01,17/06/2026,J&T,6622
BRBA02,17/06/2026,J&T,94
BRSP02,17/06/2026,J&T,3228
BRSP04,17/06/2026,J&T,2155
BRSP14,17/06/2026,J&T,51932
BRTR01,17/06/2026,Loggi,2
BRTR07,17/06/2026,Jad,9
BRTW01,17/06/2026,Loggi,6
BRTW06,17/06/2026,Jad,1
BRXGO1,17/06/2026,J&T,3660
BRXSP10,17/06/2026,J&T,27129
BRXSP10,17/06/2026,Loggi,1225
BRXSP5,17/06/2026,J&T,2463
BRXSP9,17/06/2026,Carvalima,4245
BRXSP9,17/06/2026,Dominalog,1626
BRXSP9,17/06/2026,J&T,76119
BRXSP9,17/06/2026,Jad,4588
BRXSP9,17/06/2026,Loggi,10922
BRXSP9,17/06/2026,iMile Fast,3230
BRXSP9,17/06/2026,iMile Slow,5997
CAMPINAS,17/06/2026,J&T,8806
CAMPINAS,17/06/2026,Jad,651
CAMPINAS,17/06/2026,Loggi,581
XMG1,17/06/2026,J&T,6827
XSP4,17/06/2026,J&T,6756
XSP4,17/06/2026,Jad,431
XSP4,17/06/2026,Loggi,1111
,18/06/2026,Carvalima,1
1246938748,18/06/2026,Carvalima,1
849817033_1452770,18/06/2026,Jad,1
ARENA,18/06/2026,J&T,57571
ARENA,18/06/2026,Jad,796
ARENA,18/06/2026,Loggi,1189
BRBA01,18/06/2026,J&T,2166
BRBA02,18/06/2026,J&T,77
BRSP02,18/06/2026,J&T,2455
BRSP04,18/06/2026,J&T,1676
BRSP14,18/06/2026,J&T,37401
BRTR01,18/06/2026,Loggi,1
BRTR07,18/06/2026,Jad,17
BRTW01,18/06/2026,Loggi,10
BRXGO1,18/06/2026,J&T,7189
BRXSP10,18/06/2026,J&T,52861
BRXSP10,18/06/2026,Loggi,985
BRXSP5,18/06/2026,J&T,3980
BRXSP9,18/06/2026,Carvalima,3766
BRXSP9,18/06/2026,Dominalog,1601
BRXSP9,18/06/2026,J&T,86413
BRXSP9,18/06/2026,Jad,6993
BRXSP9,18/06/2026,Loggi,8200
BRXSP9,18/06/2026,iMile Fast,3499
BRXSP9,18/06/2026,iMile Slow,6403
CAMPINAS,18/06/2026,J&T,15894
CAMPINAS,18/06/2026,Jad,403
CAMPINAS,18/06/2026,Loggi,483
SRD2,18/06/2026,J&T,1
XMG1,18/06/2026,J&T,17127
XSP4,18/06/2026,J&T,15013
XSP4,18/06/2026,Jad,317
XSP4,18/06/2026,Loggi,281
,19/06/2026,Carvalima,3
1246928689,19/06/2026,J&T,1
1354490149,19/06/2026,J&T,1
ARENA,19/06/2026,J&T,46876
ARENA,19/06/2026,Jad,764
ARENA,19/06/2026,Loggi,1130
BRBA01,19/06/2026,J&T,3932
BRBA02,19/06/2026,J&T,35
BRSP02,19/06/2026,J&T,19736
BRSP04,19/06/2026,J&T,21803
BRSP14,19/06/2026,J&T,24237
BRTR07,19/06/2026,Jad,19
BRTW01,19/06/2026,Loggi,10
BRXGO1,19/06/2026,J&T,12686
BRXSP10,19/06/2026,J&T,41003
BRXSP10,19/06/2026,Loggi,901
BRXSP5,19/06/2026,J&T,9281
BRXSP9,19/06/2026,Carvalima,3889
BRXSP9,19/06/2026,Dominalog,1679
BRXSP9,19/06/2026,J&T,76646
BRXSP9,19/06/2026,Jad,9209
BRXSP9,19/06/2026,Loggi,10500
BRXSP9,19/06/2026,iMile Fast,3319
BRXSP9,19/06/2026,iMile Slow,3941
CAMPINAS,19/06/2026,J&T,23201
CAMPINAS,19/06/2026,Jad,462
CAMPINAS,19/06/2026,Loggi,370
SRD2,19/06/2026,J&T,1
XMG1,19/06/2026,J&T,22444
XSP4,19/06/2026,J&T,11520
XSP4,19/06/2026,Jad,270
XSP4,19/06/2026,Loggi,251
,20/06/2026,Loggi,1
1565040601,20/06/2026,J&T,1
ARENA,20/06/2026,J&T,36622
ARENA,20/06/2026,Jad,687
ARENA,20/06/2026,Loggi,1048
BRBA01,20/06/2026,J&T,1395
BRBA02,20/06/2026,J&T,15
BRSP02,20/06/2026,J&T,26731
BRSP04,20/06/2026,J&T,8769
BRSP14,20/06/2026,J&T,10036
BRTW01,20/06/2026,Loggi,2
BRXGO1,20/06/2026,J&T,10084
BRXPR4,20/06/2026,J&T,1
BRXSP10,20/06/2026,J&T,26568
BRXSP10,20/06/2026,Loggi,714
BRXSP16,20/06/2026,Dominalog,1
BRXSP5,20/06/2026,J&T,24151
BRXSP9,20/06/2026,Carvalima,3047
BRXSP9,20/06/2026,Dominalog,531
BRXSP9,20/06/2026,J&T,45615
BRXSP9,20/06/2026,Jad,2897
BRXSP9,20/06/2026,Loggi,4977
BRXSP9,20/06/2026,iMile Fast,2383
BRXSP9,20/06/2026,iMile Slow,2333
CAMPINAS,20/06/2026,J&T,15609
CAMPINAS,20/06/2026,Jad,192
CAMPINAS,20/06/2026,Loggi,320
SBA7,20/06/2026,J&T,196
SSP13,20/06/2026,J&T,1
XMG1,20/06/2026,J&T,25481
XSP4,20/06/2026,J&T,7722
XSP4,20/06/2026,Jad,559
XSP4,20/06/2026,Loggi,2356
BRXSP9,21/06/2026,J&T,6
849817033_40556,22/06/2026,J&T,1
ARENA,22/06/2026,J&T,2159
BRBA01,22/06/2026,J&T,545
BRBA02,22/06/2026,J&T,8
BRSP02,22/06/2026,J&T,3497
BRSP04,22/06/2026,J&T,1894
BRSP14,22/06/2026,J&T,8154
BRTR07,22/06/2026,Jad,2
BRTW01,22/06/2026,Loggi,2
BRXSP10,22/06/2026,J&T,3148
BRXSP5,22/06/2026,J&T,460
BRXSP9,22/06/2026,Carvalima,5353
BRXSP9,22/06/2026,Dominalog,2182
BRXSP9,22/06/2026,J&T,178291
BRXSP9,22/06/2026,Jad,3272
BRXSP9,22/06/2026,Loggi,7333
BRXSP9,22/06/2026,iMile Fast,4517
BRXSP9,22/06/2026,iMile Slow,5043
CAMPINAS,22/06/2026,J&T,261
XSP4,22/06/2026,J&T,1794
XSP4,22/06/2026,Jad,1
XSP4,22/06/2026,Loggi,2
1330427026,23/06/2026,Carvalima,1
1614592422,23/06/2026,J&T,1
849817033_21159,23/06/2026,Loggi,1
849817033_22725,23/06/2026,Loggi,1
849817033_9352068,23/06/2026,J&T,1
ARENA,23/06/2026,J&T,8653
ARENA,23/06/2026,Jad,841
ARENA,23/06/2026,Loggi,1451
BRBA01,23/06/2026,J&T,3918
BRBA02,23/06/2026,J&T,49
BRSP02,23/06/2026,J&T,20007
BRSP04,23/06/2026,J&T,2296
BRSP14,23/06/2026,J&T,36729
BRTR07,23/06/2026,Jad,7
BRTW01,23/06/2026,Loggi,2
BRXGO1,23/06/2026,J&T,12661
BRXSP10,23/06/2026,J&T,28222
BRXSP10,23/06/2026,Loggi,1440
BRXSP5,23/06/2026,J&T,1545
BRXSP9,23/06/2026,Carvalima,4790
BRXSP9,23/06/2026,Dominalog,1280
BRXSP9,23/06/2026,J&T,79414
BRXSP9,23/06/2026,Jad,5755
BRXSP9,23/06/2026,Loggi,5052
BRXSP9,23/06/2026,iMile Fast,3058
BRXSP9,23/06/2026,iMile Slow,4286
CAMPINAS,23/06/2026,J&T,11308
CAMPINAS,23/06/2026,Jad,757
CAMPINAS,23/06/2026,Loggi,605
XMG1,23/06/2026,J&T,5881
XSP4,23/06/2026,J&T,829
XSP4,23/06/2026,Jad,363
XSP4,23/06/2026,Loggi,491
1330427026,24/06/2026,Dominalog,2
1406914144,24/06/2026,J&T,1
ARENA,24/06/2026,J&T,28567
ARENA,24/06/2026,Jad,1229
ARENA,24/06/2026,Loggi,1174
BRBA01,24/06/2026,J&T,5061
BRBA02,24/06/2026,J&T,39
BRSP02,24/06/2026,J&T,10596
BRSP04,24/06/2026,J&T,16458
BRSP14,24/06/2026,J&T,38541
BRTR07,24/06/2026,Jad,7
BRTW01,24/06/2026,Loggi,1
BRXGO1,24/06/2026,J&T,6158
BRXSP10,24/06/2026,J&T,24381
BRXSP10,24/06/2026,Loggi,935
BRXSP5,24/06/2026,J&T,7524
BRXSP9,24/06/2026,Carvalima,6081
BRXSP9,24/06/2026,Dominalog,1176
BRXSP9,24/06/2026,J&T,32370
BRXSP9,24/06/2026,Jad,4399
BRXSP9,24/06/2026,Loggi,6411
BRXSP9,24/06/2026,iMile Fast,2502
BRXSP9,24/06/2026,iMile Slow,911
CAMPINAS,24/06/2026,J&T,9804
CAMPINAS,24/06/2026,Jad,521
CAMPINAS,24/06/2026,Loggi,311
XMG1,24/06/2026,J&T,7531
XSP4,24/06/2026,J&T,8099
XSP4,24/06/2026,Jad,320
XSP4,24/06/2026,Loggi,247
1330427026,25/06/2026,Dominalog,3
849817033_43536,25/06/2026,J&T,1
ARENA,25/06/2026,J&T,62648
ARENA,25/06/2026,Jad,482
ARENA,25/06/2026,Loggi,716
BRBA01,25/06/2026,J&T,2762
BRBA02,25/06/2026,J&T,41
BRSP02,25/06/2026,J&T,9790
BRSP04,25/06/2026,J&T,1562
BRSP14,25/06/2026,J&T,13114
BRTR07,25/06/2026,Jad,19
BRTW01,25/06/2026,Loggi,2
BRXGO1,25/06/2026,J&T,8605
BRXSP10,25/06/2026,J&T,40185
BRXSP10,25/06/2026,Loggi,632
BRXSP5,25/06/2026,J&T,10987
BRXSP9,25/06/2026,Carvalima,3303
BRXSP9,25/06/2026,Dominalog,1204
BRXSP9,25/06/2026,J&T,37401
BRXSP9,25/06/2026,Jad,3310
BRXSP9,25/06/2026,Loggi,5254
BRXSP9,25/06/2026,iMile Fast,2459
BRXSP9,25/06/2026,iMile Slow,2546
CAMPINAS,25/06/2026,J&T,18731
CAMPINAS,25/06/2026,Jad,196
CAMPINAS,25/06/2026,Loggi,167
EBA20,25/06/2026,J&T,1
XMG1,25/06/2026,J&T,18851
XSP4,25/06/2026,J&T,17632
XSP4,25/06/2026,Jad,216
XSP4,25/06/2026,Loggi,267
1330427026,26/06/2026,Dominalog,1
849817033_229773184,26/06/2026,Loggi,1
ARENA,26/06/2026,J&T,21928
ARENA,26/06/2026,Jad,600
ARENA,26/06/2026,Loggi,1027
BRBA01,26/06/2026,J&T,2230
BRBA02,26/06/2026,J&T,6
BRSP02,26/06/2026,J&T,19484
BRSP04,26/06/2026,J&T,7202
BRSP14,26/06/2026,J&T,36523
BRTR01,26/06/2026,Loggi,3
BRTR07,26/06/2026,Jad,5
BRTW01,26/06/2026,Loggi,1
BRXGO1,26/06/2026,J&T,11068
BRXSP10,26/06/2026,J&T,12150
BRXSP10,26/06/2026,Loggi,649
BRXSP5,26/06/2026,J&T,11244
BRXSP9,26/06/2026,Carvalima,3693
BRXSP9,26/06/2026,Dominalog,1318
BRXSP9,26/06/2026,J&T,110574
BRXSP9,26/06/2026,Jad,6150
BRXSP9,26/06/2026,Loggi,5336
BRXSP9,26/06/2026,iMile Fast,3246
BRXSP9,26/06/2026,iMile Slow,6272
CAMPINAS,26/06/2026,J&T,14575
CAMPINAS,26/06/2026,Jad,255
CAMPINAS,26/06/2026,Loggi,252
XMG1,26/06/2026,J&T,10094
XSP4,26/06/2026,J&T,3308
XSP4,26/06/2026,Jad,293
XSP4,26/06/2026,Loggi,183
ARENA,27/06/2026,J&T,54623
ARENA,27/06/2026,Jad,860
ARENA,27/06/2026,Loggi,736
BRBA01,27/06/2026,J&T,1021
BRBA02,27/06/2026,J&T,1
BRSP02,27/06/2026,J&T,11015
BRSP04,27/06/2026,J&T,15925
BRSP14,27/06/2026,J&T,6472
BRTW01,27/06/2026,Loggi,3
BRXGO1,27/06/2026,J&T,11008
BRXSP10,27/06/2026,J&T,49984
BRXSP10,27/06/2026,Loggi,639
BRXSP5,27/06/2026,J&T,31087
BRXSP9,27/06/2026,Carvalima,2477
BRXSP9,27/06/2026,Dominalog,968
BRXSP9,27/06/2026,J&T,48640
BRXSP9,27/06/2026,Jad,2608
BRXSP9,27/06/2026,Loggi,3062
BRXSP9,27/06/2026,iMile Fast,2702
BRXSP9,27/06/2026,iMile Slow,2310
CAMPINAS,27/06/2026,J&T,10424
CAMPINAS,27/06/2026,Jad,402
CAMPINAS,27/06/2026,Loggi,225
XMG1,27/06/2026,J&T,17123
XSP4,27/06/2026,J&T,8547
XSP4,27/06/2026,Jad,383
XSP4,27/06/2026,Loggi,153
BRTW01,28/06/2026,Loggi,1
ARENA,29/06/2026,J&T,1437
BRBA01,29/06/2026,J&T,204
BRBA02,29/06/2026,J&T,13
BRSP02,29/06/2026,J&T,2116
BRSP04,29/06/2026,J&T,17310
BRSP14,29/06/2026,J&T,13051
BRTR01,29/06/2026,Loggi,4
BRTR07,29/06/2026,Jad,4
BRTW01,29/06/2026,Loggi,1
BRXSP10,29/06/2026,J&T,2923
BRXSP5,29/06/2026,J&T,384
BRXSP9,29/06/2026,Carvalima,3236
BRXSP9,29/06/2026,Dominalog,1025
BRXSP9,29/06/2026,J&T,189947
BRXSP9,29/06/2026,Jad,1989
BRXSP9,29/06/2026,Loggi,4063
BRXSP9,29/06/2026,iMile Fast,3822
BRXSP9,29/06/2026,iMile Slow,4630
CAMPINAS,29/06/2026,J&T,43
XSP4,29/06/2026,J&T,6114
XSP4,29/06/2026,Jad,1
XSP4,29/06/2026,Loggi,3
1330427026,30/06/2026,Carvalima,3
ARENA,30/06/2026,J&T,7197
ARENA,30/06/2026,Jad,512
ARENA,30/06/2026,Loggi,896
BRBA01,30/06/2026,J&T,1498
BRBA02,30/06/2026,J&T,20
BRSP02,30/06/2026,J&T,2416
BRSP04,30/06/2026,J&T,1654
BRSP14,30/06/2026,J&T,29883
BRTR07,30/06/2026,Jad,5
BRTW01,30/06/2026,Loggi,13
BRXGO1,30/06/2026,J&T,18557
BRXSP10,30/06/2026,J&T,36740
BRXSP10,30/06/2026,Loggi,927
BRXSP5,30/06/2026,J&T,949
BRXSP9,30/06/2026,Carvalima,5010
BRXSP9,30/06/2026,Dominalog,760
BRXSP9,30/06/2026,J&T,61935
BRXSP9,30/06/2026,Jad,3183
BRXSP9,30/06/2026,Loggi,4994
BRXSP9,30/06/2026,iMile Fast,3161
BRXSP9,30/06/2026,iMile Slow,3734
CAMPINAS,30/06/2026,J&T,16243
CAMPINAS,30/06/2026,Jad,576
CAMPINAS,30/06/2026,Loggi,329
XMG1,30/06/2026,J&T,11009
XSP4,30/06/2026,J&T,88
XSP4,30/06/2026,Jad,158
XSP4,30/06/2026,Loggi,133
1586561331,01/07/2026,Loggi,1
ARENA,01/07/2026,J&T,10432
ARENA,01/07/2026,Jad,671
ARENA,01/07/2026,Loggi,847
BRBA01,01/07/2026,J&T,2137
BRBA02,01/07/2026,J&T,22
BRSP02,01/07/2026,J&T,3740
BRSP04,01/07/2026,J&T,10178
BRSP14,01/07/2026,J&T,46779
BRTR01,01/07/2026,Loggi,15
BRTR07,01/07/2026,Jad,12
BRTW01,01/07/2026,Loggi,3
BRXGO1,01/07/2026,J&T,5127
BRXSP10,01/07/2026,J&T,10208
BRXSP10,01/07/2026,Loggi,738
BRXSP5,01/07/2026,J&T,1286
BRXSP9,01/07/2026,Carvalima,4081
BRXSP9,01/07/2026,Dominalog,1010
BRXSP9,01/07/2026,J&T,70491
BRXSP9,01/07/2026,Jad,2789
BRXSP9,01/07/2026,Loggi,4008
BRXSP9,01/07/2026,iMile Fast,4018
BRXSP9,01/07/2026,iMile Slow,5408
CAMPINAS,01/07/2026,J&T,3001
CAMPINAS,01/07/2026,Jad,240
CAMPINAS,01/07/2026,Loggi,239
XMG1,01/07/2026,J&T,2807
XSP4,01/07/2026,J&T,2121
XSP4,01/07/2026,Jad,254
XSP4,01/07/2026,Loggi,201
ARENA,02/07/2026,J&T,43304
ARENA,02/07/2026,Jad,489
ARENA,02/07/2026,Loggi,788
BRBA01,02/07/2026,J&T,1231
BRBA02,02/07/2026,J&T,13
BRSP02,02/07/2026,J&T,12229
BRSP04,02/07/2026,J&T,26594
BRSP14,02/07/2026,J&T,27046
BRTR01,02/07/2026,Loggi,18
BRTR07,02/07/2026,Jad,10
BRTW01,02/07/2026,Loggi,17
BRXGO1,02/07/2026,J&T,5510
BRXSP10,02/07/2026,J&T,27632
BRXSP10,02/07/2026,Loggi,657
BRXSP5,02/07/2026,J&T,6290
BRXSP9,02/07/2026,Carvalima,3295
BRXSP9,02/07/2026,Dominalog,941
BRXSP9,02/07/2026,J&T,79142
BRXSP9,02/07/2026,Jad,2684
BRXSP9,02/07/2026,Loggi,3446
BRXSP9,02/07/2026,iMile Fast,4055
BRXSP9,02/07/2026,iMile Slow,5640
CAMPINAS,02/07/2026,J&T,8608
CAMPINAS,02/07/2026,Jad,308
CAMPINAS,02/07/2026,Loggi,175
XMG1,02/07/2026,J&T,13049
XSP4,02/07/2026,J&T,17619
XSP4,02/07/2026,Jad,239
XSP4,02/07/2026,Loggi,125
1569100971,03/07/2026,Loggi,1
849817033_25374,03/07/2026,J&T,1
ARENA,03/07/2026,J&T,54808
ARENA,03/07/2026,Jad,463
ARENA,03/07/2026,Loggi,756
BRBA01,03/07/2026,J&T,756
BRBA02,03/07/2026,J&T,14
BRSP02,03/07/2026,J&T,6823
BRSP04,03/07/2026,J&T,11339
BRSP14,03/07/2026,J&T,22314
BRTR01,03/07/2026,Loggi,23
BRTR07,03/07/2026,Jad,5
BRTW01,03/07/2026,Loggi,24
BRTW02,03/07/2026,Jad,1
BRTW02,03/07/2026,Loggi,1
BRXGO1,03/07/2026,J&T,10235
BRXSP10,03/07/2026,J&T,29686
BRXSP10,03/07/2026,Loggi,523
BRXSP5,03/07/2026,J&T,13671
BRXSP9,03/07/2026,Carvalima,3368
BRXSP9,03/07/2026,Dominalog,1083
BRXSP9,03/07/2026,J&T,80820
BRXSP9,03/07/2026,Jad,2223
BRXSP9,03/07/2026,Loggi,3524
BRXSP9,03/07/2026,iMile Fast,4015
BRXSP9,03/07/2026,iMile Slow,6655
CAMPINAS,03/07/2026,J&T,19133
CAMPINAS,03/07/2026,Jad,247
CAMPINAS,03/07/2026,Loggi,198
XMG1,03/07/2026,J&T,20638
XSP4,03/07/2026,J&T,9230
XSP4,03/07/2026,Jad,189
XSP4,03/07/2026,Loggi,109
ARENA,04/07/2026,J&T,50753
ARENA,04/07/2026,Jad,377
ARENA,04/07/2026,Loggi,638
BRBA01,04/07/2026,J&T,2190
BRBA02,04/07/2026,J&T,8
BRSP02,04/07/2026,J&T,12397
BRSP04,04/07/2026,J&T,12044
BRSP14,04/07/2026,J&T,9819
BRTR01,04/07/2026,Loggi,2
BRTW01,04/07/2026,Loggi,2
BRXGO1,04/07/2026,J&T,12216
BRXSP10,04/07/2026,J&T,38355
BRXSP10,04/07/2026,Loggi,520
BRXSP5,04/07/2026,J&T,23582
BRXSP9,04/07/2026,Carvalima,3068
BRXSP9,04/07/2026,Dominalog,816
BRXSP9,04/07/2026,J&T,72352
BRXSP9,04/07/2026,Jad,1639
BRXSP9,04/07/2026,Loggi,2625
BRXSP9,04/07/2026,iMile Fast,4165
BRXSP9,04/07/2026,iMile Slow,4560
CAMPINAS,04/07/2026,J&T,11907
CAMPINAS,04/07/2026,Jad,200
CAMPINAS,04/07/2026,Loggi,171
XMG1,04/07/2026,J&T,22354
XSP4,04/07/2026,J&T,5606
XSP4,04/07/2026,Jad,146
XSP4,04/07/2026,Loggi,106
BRXSP9,05/07/2026,J&T,1
ARENA,06/07/2026,J&T,2622
BRBA01,06/07/2026,J&T,344
BRSP02,06/07/2026,J&T,5828
BRSP04,06/07/2026,J&T,3072
BRSP14,06/07/2026,J&T,9892
BRTR01,06/07/2026,Loggi,27
BRTR07,06/07/2026,Jad,30
BRTW01,06/07/2026,Loggi,4
BRXSP10,06/07/2026,J&T,2025
BRXSP14,06/07/2026,J&T,1
BRXSP5,06/07/2026,J&T,160
BRXSP9,06/07/2026,Carvalima,3944
BRXSP9,06/07/2026,Dominalog,810
BRXSP9,06/07/2026,J&T,154695
BRXSP9,06/07/2026,Jad,2606
BRXSP9,06/07/2026,Loggi,3426
BRXSP9,06/07/2026,iMile Fast,2962
BRXSP9,06/07/2026,iMile Slow,4580
CAMPINAS,06/07/2026,J&T,28
XMG1,06/07/2026,J&T,799
XSP4,06/07/2026,J&T,4700
ARENA,07/07/2026,J&T,9154
ARENA,07/07/2026,Jad,564
ARENA,07/07/2026,Loggi,888
BRBA01,07/07/2026,J&T,525
BRBA02,07/07/2026,J&T,2
BRSP02,07/07/2026,J&T,13665
BRSP04,07/07/2026,J&T,2710
BRSP14,07/07/2026,J&T,35733
BRTR01,07/07/2026,Loggi,11
BRTR07,07/07/2026,Jad,21
BRTW01,07/07/2026,Loggi,5
BRXGO1,07/07/2026,J&T,14207
BRXSP10,07/07/2026,J&T,40265
BRXSP10,07/07/2026,Loggi,667
BRXSP5,07/07/2026,J&T,1103
BRXSP9,07/07/2026,Carvalima,5160
BRXSP9,07/07/2026,Dominalog,1103
BRXSP9,07/07/2026,J&T,64611
BRXSP9,07/07/2026,Jad,2104
BRXSP9,07/07/2026,Loggi,2842
BRXSP9,07/07/2026,iMile Fast,5233
BRXSP9,07/07/2026,iMile Slow,4365
CAMPINAS,07/07/2026,J&T,14624
CAMPINAS,07/07/2026,Jad,395
CAMPINAS,07/07/2026,Loggi,266
XMG1,07/07/2026,J&T,15805
XSP4,07/07/2026,J&T,1522
XSP4,07/07/2026,Jad,132
XSP4,07/07/2026,Loggi,147
849817033_184980,08/07/2026,Loggi,1
ARENA,08/07/2026,J&T,34851
ARENA,08/07/2026,Jad,693
ARENA,08/07/2026,Loggi,924
BRBA01,08/07/2026,J&T,587
BRBA02,08/07/2026,J&T,2
BRSP02,08/07/2026,J&T,7902
BRSP04,08/07/2026,J&T,22821
BRSP14,08/07/2026,J&T,38726
BRTR01,08/07/2026,Loggi,6
BRTR07,08/07/2026,Jad,14
BRTW01,08/07/2026,Loggi,4
BRXGO1,08/07/2026,J&T,3368
BRXSP10,08/07/2026,J&T,20445
BRXSP10,08/07/2026,Loggi,762
BRXSP5,08/07/2026,J&T,7977
BRXSP9,08/07/2026,Carvalima,4916
BRXSP9,08/07/2026,Dominalog,1132
BRXSP9,08/07/2026,J&T,61716
BRXSP9,08/07/2026,Jad,1786
BRXSP9,08/07/2026,Loggi,1875
BRXSP9,08/07/2026,iMile Fast,4373
BRXSP9,08/07/2026,iMile Slow,6739
CAMPINAS,08/07/2026,J&T,6759
CAMPINAS,08/07/2026,Jad,261
CAMPINAS,08/07/2026,Loggi,206
XMG1,08/07/2026,J&T,4727
XSP4,08/07/2026,J&T,13404
XSP4,08/07/2026,Jad,300
XSP4,08/07/2026,Loggi,135
1246929878,09/07/2026,Carvalima,1
1252982704,09/07/2026,J&T,1
ARENA,09/07/2026,J&T,62815
ARENA,09/07/2026,Jad,648
ARENA,09/07/2026,Loggi,885
BRBA01,09/07/2026,J&T,919
BRBA02,09/07/2026,J&T,1
BRSP02,09/07/2026,J&T,19571
BRSP04,09/07/2026,J&T,16052
BRSP14,09/07/2026,J&T,33662
BRTR07,09/07/2026,Jad,10
BRTW01,09/07/2026,Loggi,2
BRTW06,09/07/2026,Jad,1
BRXGO1,09/07/2026,J&T,3559
BRXSP10,09/07/2026,J&T,42655
BRXSP10,09/07/2026,Loggi,655
BRXSP5,09/07/2026,J&T,27307
BRXSP9,09/07/2026,Carvalima,4100
BRXSP9,09/07/2026,Dominalog,1254
BRXSP9,09/07/2026,J&T,83138
BRXSP9,09/07/2026,Jad,3229
BRXSP9,09/07/2026,Loggi,4820
BRXSP9,09/07/2026,iMile Fast,8258
BRXSP9,09/07/2026,iMile Slow,8593
CAMPINAS,09/07/2026,J&T,16483
CAMPINAS,09/07/2026,Jad,333
CAMPINAS,09/07/2026,Loggi,210
EPI3,09/07/2026,J&T,1
XMG1,09/07/2026,J&T,15266
XSP4,09/07/2026,J&T,12279
XSP4,09/07/2026,Jad,241
XSP4,09/07/2026,Loggi,163
849817033_148258,10/07/2026,J&T,1
849817033_2282420,10/07/2026,J&T,1
ARENA,10/07/2026,J&T,1557
ARENA,10/07/2026,Jad,7
ARENA,10/07/2026,Loggi,58
BRBA01,10/07/2026,J&T,454
BRSP02,10/07/2026,J&T,5668
BRSP04,10/07/2026,J&T,10286
BRSP14,10/07/2026,J&T,25792
BRTR07,10/07/2026,Jad,18
BRTW01,10/07/2026,Loggi,4
BRXGO1,10/07/2026,J&T,13236
BRXSP10,10/07/2026,J&T,32175
BRXSP10,10/07/2026,Loggi,185
BRXSP5,10/07/2026,J&T,621
BRXSP9,10/07/2026,Carvalima,2873
BRXSP9,10/07/2026,Dominalog,914
BRXSP9,10/07/2026,J&T,116799
BRXSP9,10/07/2026,Jad,1866
BRXSP9,10/07/2026,Loggi,3014
BRXSP9,10/07/2026,iMile Fast,6764
BRXSP9,10/07/2026,iMile Slow,6325
CAMPINAS,10/07/2026,J&T,13265
CAMPINAS,10/07/2026,Jad,112
CAMPINAS,10/07/2026,Loggi,46
SRS9,10/07/2026,J&T,1
SSP14,10/07/2026,J&T,1
SSP26,10/07/2026,J&T,1
XMG1,10/07/2026,J&T,18441
XSP4,10/07/2026,J&T,2
849817033_148258,11/07/2026,J&T,2
ARENA,11/07/2026,J&T,24148
BRBA01,11/07/2026,J&T,1207
BRSP02,11/07/2026,J&T,10186
BRSP04,11/07/2026,J&T,16184
BRSP14,11/07/2026,J&T,11520
BRTW02,11/07/2026,Loggi,1
BRXGO1,11/07/2026,J&T,10236
BRXSP10,11/07/2026,J&T,7349
BRXSP5,11/07/2026,J&T,19316
BRXSP9,11/07/2026,Carvalima,2
BRXSP9,11/07/2026,J&T,74289
BRXSP9,11/07/2026,iMile Fast,8183
BRXSP9,11/07/2026,iMile Slow,4544
CAMPINAS,11/07/2026,J&T,4784
CAMPINAS,11/07/2026,Jad,1
SSP5,11/07/2026,J&T,1
XMG1,11/07/2026,J&T,10378
XSP4,11/07/2026,J&T,8461
BRTW01,12/07/2026,Loggi,1
ARENA,13/07/2026,J&T,896
ARENA,13/07/2026,Jad,808
ARENA,13/07/2026,Loggi,984
BRBA01,13/07/2026,J&T,1545
BRSP02,13/07/2026,J&T,13967
BRSP04,13/07/2026,J&T,10353
BRSP14,13/07/2026,J&T,13114
BRTR07,13/07/2026,Jad,11
BRXMG3,13/07/2026,Carvalima,1
BRXSP10,13/07/2026,J&T,478
BRXSP10,13/07/2026,Loggi,695
BRXSP11,13/07/2026,Carvalima,1
BRXSP14,13/07/2026,Dominalog,1
BRXSP14,13/07/2026,J&T,4
BRXSP5,13/07/2026,Carvalima,1
BRXSP5,13/07/2026,J&T,88
BRXSP9,13/07/2026,Carvalima,10402
BRXSP9,13/07/2026,Dominalog,2832
BRXSP9,13/07/2026,J&T,147404
BRXSP9,13/07/2026,Jad,4044
BRXSP9,13/07/2026,Loggi,5677
BRXSP9,13/07/2026,iMile Fast,8684
BRXSP9,13/07/2026,iMile Slow,5826
CAMPINAS,13/07/2026,J&T,40
CAMPINAS,13/07/2026,Jad,276
CAMPINAS,13/07/2026,Loggi,252
EMR7,13/07/2026,Carvalima,1
EPA3,13/07/2026,J&T,1
ESP18,13/07/2026,J&T,1
ETO2,13/07/2026,J&T,1
XSP4,13/07/2026,Jad,302
XSP4,13/07/2026,Loggi,121
1057773995,14/07/2026,J&T,1
1057773995,14/07/2026,Loggi,9
1246927119,14/07/2026,Dominalog,1
1246927119,14/07/2026,Loggi,1
1246932714,14/07/2026,Jad,1
1488327300,14/07/2026,J&T,2
1564877409,14/07/2026,J&T,1
1596182550,14/07/2026,Jad,1
1596209420,14/07/2026,Loggi,1
ARENA,14/07/2026,J&T,11343
ARENA,14/07/2026,Jad,727
ARENA,14/07/2026,Loggi,995
BRBA01,14/07/2026,J&T,1645
BRBA02,14/07/2026,J&T,1
BRSP02,14/07/2026,J&T,12723
BRSP04,14/07/2026,J&T,16319
BRSP14,14/07/2026,J&T,19457
BRXGO1,14/07/2026,J&T,6932
BRXSP10,14/07/2026,J&T,46361
BRXSP10,14/07/2026,Loggi,808
BRXSP5,14/07/2026,J&T,1184
BRXSP9,14/07/2026,Carvalima,3659
BRXSP9,14/07/2026,Dominalog,1304
BRXSP9,14/07/2026,J&T,70581
BRXSP9,14/07/2026,Jad,2626
BRXSP9,14/07/2026,Loggi,4951
BRXSP9,14/07/2026,iMile Fast,5915
BRXSP9,14/07/2026,iMile Slow,6192
CAMPINAS,14/07/2026,J&T,20854
CAMPINAS,14/07/2026,Jad,431
CAMPINAS,14/07/2026,Loggi,589
EMN2,14/07/2026,iMile Fast,1
SAM1,14/07/2026,iMile Fast,1
SSP11,14/07/2026,Jad,2
XMG1,14/07/2026,J&T,12944
XSP4,14/07/2026,J&T,4801
XSP4,14/07/2026,Jad,235
XSP4,14/07/2026,Loggi,259
1352925616,15/07/2026,J&T,1
1353704110,15/07/2026,J&T,1
1515611824,15/07/2026,J&T,1
1614112221,15/07/2026,J&T,2
849817033_10722,15/07/2026,J&T,1
849817033_12328344,15/07/2026,J&T,1
ARENA,15/07/2026,J&T,39752
ARENA,15/07/2026,Jad,335
ARENA,15/07/2026,Loggi,525
BRBA01,15/07/2026,J&T,1021
BRBA02,15/07/2026,J&T,24
BRSP02,15/07/2026,J&T,6531
BRSP04,15/07/2026,J&T,13458
BRSP14,15/07/2026,J&T,5251
BRXGO1,15/07/2026,J&T,3291
BRXSP10,15/07/2026,J&T,27383
BRXSP10,15/07/2026,Loggi,544
BRXSP5,15/07/2026,J&T,6212
BRXSP9,15/07/2026,Carvalima,2781
BRXSP9,15/07/2026,Dominalog,1250
BRXSP9,15/07/2026,J&T,50451
BRXSP9,15/07/2026,Jad,1786
BRXSP9,15/07/2026,Loggi,1752
BRXSP9,15/07/2026,iMile Fast,3300
BRXSP9,15/07/2026,iMile Slow,6747
CAMPINAS,15/07/2026,J&T,7177
CAMPINAS,15/07/2026,Jad,142
CAMPINAS,15/07/2026,Loggi,190
SSP4,15/07/2026,Loggi,1
XMG1,15/07/2026,J&T,3604
XSP4,15/07/2026,J&T,11411
XSP4,15/07/2026,Jad,73
XSP4,15/07/2026,Loggi,144
1305356898,16/07/2026,J&T,1
1352413861,16/07/2026,J&T,1
1488327300,16/07/2026,J&T,2
1596215918,16/07/2026,J&T,1
1596216426,16/07/2026,J&T,1
1621465863,16/07/2026,J&T,3
ARENA,16/07/2026,J&T,38002
ARENA,16/07/2026,Jad,108
ARENA,16/07/2026,Loggi,397
BRBA01,16/07/2026,J&T,896
BRBA02,16/07/2026,J&T,13
BRSP02,16/07/2026,J&T,5706
BRSP04,16/07/2026,J&T,5390
BRSP14,16/07/2026,J&T,3852
BRXGO1,16/07/2026,J&T,2384
BRXSP10,16/07/2026,J&T,27572
BRXSP10,16/07/2026,Loggi,257
BRXSP5,16/07/2026,J&T,8397
BRXSP9,16/07/2026,Carvalima,1246
BRXSP9,16/07/2026,Dominalog,902
BRXSP9,16/07/2026,J&T,44536
BRXSP9,16/07/2026,Jad,1481
BRXSP9,16/07/2026,Loggi,1718
BRXSP9,16/07/2026,iMile Fast,1922
BRXSP9,16/07/2026,iMile Slow,7552
CAMPINAS,16/07/2026,J&T,13861
CAMPINAS,16/07/2026,Jad,32
CAMPINAS,16/07/2026,Loggi,189
XMG1,16/07/2026,J&T,16023
XSP4,16/07/2026,J&T,7585
XSP4,16/07/2026,Jad,25
XSP4,16/07/2026,Loggi,140
1246927119,17/07/2026,J&T,1
1304671541,17/07/2026,J&T,1
1352924252,17/07/2026,J&T,2
1353702596,17/07/2026,J&T,1
1411847264,17/07/2026,J&T,1
1582454121,17/07/2026,J&T,2
1585939039,17/07/2026,J&T,1
1596209252,17/07/2026,J&T,1
1596215480,17/07/2026,J&T,1
1596216426,17/07/2026,J&T,1
ARENA,17/07/2026,J&T,10837
ARENA,17/07/2026,Jad,40
ARENA,17/07/2026,Loggi,255
BRBA01,17/07/2026,J&T,420
BRBA02,17/07/2026,J&T,3
BRSP02,17/07/2026,J&T,1322
BRSP04,17/07/2026,J&T,1687
BRSP14,17/07/2026,J&T,1525
BRXGO1,17/07/2026,J&T,4260
BRXSP10,17/07/2026,J&T,8016
BRXSP10,17/07/2026,Loggi,159
BRXSP5,17/07/2026,J&T,13995
BRXSP9,17/07/2026,Carvalima,767
BRXSP9,17/07/2026,Dominalog,409
BRXSP9,17/07/2026,J&T,56061
BRXSP9,17/07/2026,Jad,1055
BRXSP9,17/07/2026,Loggi,918
BRXSP9,17/07/2026,iMile Fast,648
BRXSP9,17/07/2026,iMile Slow,5556
CAMPINAS,17/07/2026,J&T,4722
CAMPINAS,17/07/2026,Jad,7
CAMPINAS,17/07/2026,Loggi,97
EBA25,17/07/2026,Loggi,1
XMG1,17/07/2026,J&T,17571
XSP4,17/07/2026,J&T,1913
XSP4,17/07/2026,Jad,4
XSP4,17/07/2026,Loggi,83
ARENA,18/07/2026,J&T,7838
ARENA,18/07/2026,Jad,19
ARENA,18/07/2026,Loggi,200
BRBA01,18/07/2026,J&T,376
BRBA02,18/07/2026,J&T,1
BRSP02,18/07/2026,J&T,943
BRSP04,18/07/2026,J&T,1074
BRSP14,18/07/2026,J&T,901
BRXGO1,18/07/2026,J&T,3234
BRXSP10,18/07/2026,J&T,4703
BRXSP10,18/07/2026,Loggi,141
BRXSP5,18/07/2026,J&T,4409
BRXSP9,18/07/2026,Carvalima,216
BRXSP9,18/07/2026,Dominalog,226
BRXSP9,18/07/2026,J&T,23860
BRXSP9,18/07/2026,Jad,585
BRXSP9,18/07/2026,Loggi,805
BRXSP9,18/07/2026,iMile Fast,276
BRXSP9,18/07/2026,iMile Slow,3467
CAMPINAS,18/07/2026,J&T,2619
CAMPINAS,18/07/2026,Jad,4
CAMPINAS,18/07/2026,Loggi,133
XMG1,18/07/2026,J&T,4930
XSP4,18/07/2026,J&T,1254
XSP4,18/07/2026,Jad,2
XSP4,18/07/2026,Loggi,64
ARENA,20/07/2026,J&T,439
BRBA01,20/07/2026,J&T,489
BRSP02,20/07/2026,J&T,182
BRSP14,20/07/2026,J&T,896
BRXSP10,20/07/2026,J&T,272
BRXSP5,20/07/2026,J&T,13
BRXSP9,20/07/2026,Carvalima,145
BRXSP9,20/07/2026,Dominalog,57
BRXSP9,20/07/2026,J&T,43487
BRXSP9,20/07/2026,Jad,184
BRXSP9,20/07/2026,Loggi,806
BRXSP9,20/07/2026,iMile Fast,69
BRXSP9,20/07/2026,iMile Slow,3080
CAMPINAS,20/07/2026,J&T,14
1614112221,21/07/2026,J&T,1
ARENA,21/07/2026,J&T,1279
ARENA,21/07/2026,Jad,13
ARENA,21/07/2026,Loggi,40
BRBA01,21/07/2026,J&T,250
BRBA02,21/07/2026,J&T,4
BRSP02,21/07/2026,J&T,845
BRSP04,21/07/2026,J&T,1298
BRSP14,21/07/2026,J&T,1110
BRXGO1,21/07/2026,J&T,1647
BRXSP10,21/07/2026,J&T,8477
BRXSP10,21/07/2026,Loggi,32
BRXSP5,21/07/2026,J&T,154
BRXSP9,21/07/2026,Carvalima,50
BRXSP9,21/07/2026,Dominalog,30
BRXSP9,21/07/2026,J&T,11566
BRXSP9,21/07/2026,Jad,47
BRXSP9,21/07/2026,Loggi,118
BRXSP9,21/07/2026,iMile Fast,65
BRXSP9,21/07/2026,iMile Slow,1942
CAMPINAS,21/07/2026,J&T,4889
CAMPINAS,21/07/2026,Jad,36
CAMPINAS,21/07/2026,Loggi,37
XMG1,21/07/2026,J&T,3852
XSP4,21/07/2026,J&T,917
XSP4,21/07/2026,Jad,1
XSP4,21/07/2026,Loggi,15
ARENA,22/07/2026,J&T,4532
ARENA,22/07/2026,Jad,2
ARENA,22/07/2026,Loggi,3
BRBA01,22/07/2026,J&T,189
BRBA02,22/07/2026,J&T,6
BRSP02,22/07/2026,J&T,619
BRSP04,22/07/2026,J&T,1133
BRSP14,22/07/2026,J&T,1052
BRXGO1,22/07/2026,J&T,559
BRXSP10,22/07/2026,J&T,2206
BRXSP10,22/07/2026,Loggi,23
BRXSP5,22/07/2026,J&T,1906
BRXSP9,22/07/2026,Carvalima,55
BRXSP9,22/07/2026,Dominalog,32
BRXSP9,22/07/2026,J&T,16976
BRXSP9,22/07/2026,Jad,73
BRXSP9,22/07/2026,Loggi,90
BRXSP9,22/07/2026,iMile Fast,71
BRXSP9,22/07/2026,iMile Slow,1575
CAMPINAS,22/07/2026,J&T,883
CAMPINAS,22/07/2026,Jad,5
CAMPINAS,22/07/2026,Loggi,4
XMG1,22/07/2026,J&T,2574
XSP4,22/07/2026,J&T,529
XSP4,22/07/2026,Jad,1
XSP4,22/07/2026,Loggi,5
ARENA,23/07/2026,J&T,2444
ARENA,23/07/2026,Jad,5
ARENA,23/07/2026,Loggi,3
BRBA01,23/07/2026,J&T,27
BRBA02,23/07/2026,J&T,1
BRSP02,23/07/2026,J&T,749
BRSP04,23/07/2026,J&T,1028
BRSP14,23/07/2026,J&T,1019
BRXGO1,23/07/2026,J&T,398
BRXSP10,23/07/2026,J&T,2059
BRXSP10,23/07/2026,Loggi,7
BRXSP5,23/07/2026,J&T,880
BRXSP9,23/07/2026,Carvalima,26
BRXSP9,23/07/2026,Dominalog,33
BRXSP9,23/07/2026,J&T,7359
BRXSP9,23/07/2026,Jad,87
BRXSP9,23/07/2026,Loggi,29
BRXSP9,23/07/2026,iMile Fast,53
BRXSP9,23/07/2026,iMile Slow,930
CAMPINAS,23/07/2026,J&T,807
CAMPINAS,23/07/2026,Loggi,1
XMG1,23/07/2026,J&T,2272
XSP4,23/07/2026,J&T,453
XSP4,23/07/2026,Jad,1
XSP4,23/07/2026,Loggi,1
ARENA,24/07/2026,J&T,1848
ARENA,24/07/2026,Jad,2
ARENA,24/07/2026,Loggi,2
BRBA02,24/07/2026,J&T,3
BRSP02,24/07/2026,J&T,494
BRSP04,24/07/2026,J&T,575
BRSP14,24/07/2026,J&T,670
BRXGO1,24/07/2026,J&T,47
BRXSP10,24/07/2026,J&T,1550
BRXSP10,24/07/2026,Loggi,6
BRXSP5,24/07/2026,J&T,712
BRXSP9,24/07/2026,Carvalima,22
BRXSP9,24/07/2026,Dominalog,16
BRXSP9,24/07/2026,J&T,22600
BRXSP9,24/07/2026,Jad,52
BRXSP9,24/07/2026,Loggi,18
BRXSP9,24/07/2026,iMile Fast,31
BRXSP9,24/07/2026,iMile Slow,635
CAMPINAS,24/07/2026,J&T,654
CAMPINAS,24/07/2026,Jad,1
CAMPINAS,24/07/2026,Loggi,1
XMG1,24/07/2026,J&T,1383
XSP4,24/07/2026,J&T,347
XSP4,24/07/2026,Jad,1
XSP4,24/07/2026,Loggi,1
ARENA,25/07/2026,J&T,1842
ARENA,25/07/2026,Jad,1
BRBA01,25/07/2026,J&T,1
BRBA02,25/07/2026,J&T,10
BRSP02,25/07/2026,J&T,255
BRSP04,25/07/2026,J&T,165
BRSP14,25/07/2026,J&T,277
BRXGO1,25/07/2026,J&T,55
BRXSP10,25/07/2026,J&T,1457
BRXSP10,25/07/2026,Loggi,5
BRXSP5,25/07/2026,J&T,1054
BRXSP9,25/07/2026,Carvalima,23
BRXSP9,25/07/2026,Dominalog,23
BRXSP9,25/07/2026,J&T,10055
BRXSP9,25/07/2026,Jad,32
BRXSP9,25/07/2026,Loggi,11
BRXSP9,25/07/2026,iMile Fast,18
BRXSP9,25/07/2026,iMile Slow,685
CAMPINAS,25/07/2026,J&T,577
CAMPINAS,25/07/2026,Jad,2
CAMPINAS,25/07/2026,Loggi,1
XMG1,25/07/2026,J&T,722
XSP4,25/07/2026,J&T,257
ARENA,27/07/2026,J&T,17
BRBA01,27/07/2026,J&T,13
BRSP14,27/07/2026,J&T,292
BRXSP10,27/07/2026,J&T,25
BRXSP9,27/07/2026,Carvalima,15
BRXSP9,27/07/2026,Dominalog,13
BRXSP9,27/07/2026,J&T,8297
BRXSP9,27/07/2026,Jad,30
BRXSP9,27/07/2026,Loggi,10
BRXSP9,27/07/2026,iMile Fast,9
BRXSP9,27/07/2026,iMile Slow,110
ARENA,28/07/2026,J&T,510
ARENA,28/07/2026,Jad,6
ARENA,28/07/2026,Loggi,7
BRSP02,28/07/2026,J&T,232
BRSP04,28/07/2026,J&T,389
BRSP14,28/07/2026,J&T,254
BRXGO1,28/07/2026,J&T,96
BRXSP10,28/07/2026,J&T,2354
BRXSP10,28/07/2026,Loggi,26
BRXSP5,28/07/2026,J&T,44
BRXSP9,28/07/2026,Carvalima,26
BRXSP9,28/07/2026,Dominalog,4
BRXSP9,28/07/2026,J&T,1886
BRXSP9,28/07/2026,Jad,4
BRXSP9,28/07/2026,Loggi,3
BRXSP9,28/07/2026,iMile Fast,43
BRXSP9,28/07/2026,iMile Slow,30
CAMPINAS,28/07/2026,J&T,1034
CAMPINAS,28/07/2026,Jad,8
CAMPINAS,28/07/2026,Loggi,3
XMG1,28/07/2026,J&T,940
XSP4,28/07/2026,J&T,179
XSP4,28/07/2026,Loggi,2
ARENA,29/07/2026,J&T,1581
ARENA,29/07/2026,Jad,2
ARENA,29/07/2026,Loggi,1
BRSP02,29/07/2026,J&T,109
BRSP04,29/07/2026,J&T,223
BRSP14,29/07/2026,J&T,82
BRXGO1,29/07/2026,J&T,19
BRXSP10,29/07/2026,J&T,1093
BRXSP10,29/07/2026,Loggi,13
BRXSP5,29/07/2026,J&T,631
BRXSP9,29/07/2026,Carvalima,30
BRXSP9,29/07/2026,Dominalog,6
BRXSP9,29/07/2026,J&T,4222
BRXSP9,29/07/2026,Jad,16
BRXSP9,29/07/2026,Loggi,8
BRXSP9,29/07/2026,iMile Fast,30
BRXSP9,29/07/2026,iMile Slow,48
CAMPINAS,29/07/2026,J&T,251
CAMPINAS,29/07/2026,Jad,1
CAMPINAS,29/07/2026,Loggi,1
XMG1,29/07/2026,J&T,545
XSP4,29/07/2026,J&T,128
XSP4,29/07/2026,Jad,1
XSP4,29/07/2026,Loggi,1
ARENA,30/07/2026,J&T,661
ARENA,30/07/2026,Loggi,7
BRSP02,30/07/2026,J&T,122
BRSP04,30/07/2026,J&T,239
BRSP14,30/07/2026,J&T,70
BRXGO1,30/07/2026,J&T,70
BRXSP10,30/07/2026,J&T,878
BRXSP10,30/07/2026,Loggi,2
BRXSP5,30/07/2026,J&T,247
BRXSP9,30/07/2026,Carvalima,20
BRXSP9,30/07/2026,Dominalog,8
BRXSP9,30/07/2026,J&T,2367
BRXSP9,30/07/2026,Jad,28
BRXSP9,30/07/2026,Loggi,11
BRXSP9,30/07/2026,iMile Fast,46
BRXSP9,30/07/2026,iMile Slow,16
CAMPINAS,30/07/2026,J&T,252
CAMPINAS,30/07/2026,Loggi,1
XMG1,30/07/2026,J&T,345
XSP4,30/07/2026,J&T,108
ARENA,31/07/2026,J&T,344
ARENA,31/07/2026,Loggi,2
BRSP02,31/07/2026,J&T,77
BRSP04,31/07/2026,J&T,81
BRSP14,31/07/2026,J&T,35
BRXGO1,31/07/2026,J&T,16
BRXSP10,31/07/2026,J&T,590
BRXSP10,31/07/2026,Loggi,4
BRXSP5,31/07/2026,J&T,178
BRXSP9,31/07/2026,Carvalima,13
BRXSP9,31/07/2026,Dominalog,3
BRXSP9,31/07/2026,J&T,1682
BRXSP9,31/07/2026,Jad,14
BRXSP9,31/07/2026,Loggi,10
BRXSP9,31/07/2026,iMile Fast,16
BRXSP9,31/07/2026,iMile Slow,16
CAMPINAS,31/07/2026,J&T,122
CAMPINAS,31/07/2026,Jad,1
CAMPINAS,31/07/2026,Loggi,1
XMG1,31/07/2026,J&T,208
XSP4,31/07/2026,J&T,50
XSP4,31/07/2026,Loggi,1
ARENA,01/08/2026,J&T,310
ARENA,01/08/2026,Jad,2
ARENA,01/08/2026,Loggi,1
BRSP02,01/08/2026,J&T,12
BRSP04,01/08/2026,J&T,23
BRSP14,01/08/2026,J&T,29
BRXGO1,01/08/2026,J&T,25
BRXSP10,01/08/2026,J&T,499
BRXSP10,01/08/2026,Loggi,2
BRXSP5,01/08/2026,J&T,146
BRXSP9,01/08/2026,Carvalima,3
BRXSP9,01/08/2026,J&T,1861
BRXSP9,01/08/2026,Jad,5
BRXSP9,01/08/2026,Loggi,9
BRXSP9,01/08/2026,iMile Fast,10
BRXSP9,01/08/2026,iMile Slow,34
CAMPINAS,01/08/2026,J&T,128
CAMPINAS,01/08/2026,Jad,1
XMG1,01/08/2026,J&T,174
XSP4,01/08/2026,J&T,40
XSP4,01/08/2026,Loggi,1
ARENA,03/08/2026,J&T,2
BRSP14,03/08/2026,J&T,1
BRXSP10,03/08/2026,J&T,5
BRXSP9,03/08/2026,Carvalima,1
BRXSP9,03/08/2026,Dominalog,2
BRXSP9,03/08/2026,J&T,751
BRXSP9,03/08/2026,Jad,7
BRXSP9,03/08/2026,Loggi,6
BRXSP9,03/08/2026,iMile Fast,2
BRXSP9,03/08/2026,iMile Slow,4
ARENA,04/08/2026,J&T,16
ARENA,04/08/2026,Jad,1
ARENA,04/08/2026,Loggi,1
BRSP14,04/08/2026,J&T,1
BRXGO1,04/08/2026,J&T,35
BRXSP10,04/08/2026,J&T,590
BRXSP10,04/08/2026,Loggi,5
BRXSP5,04/08/2026,J&T,3
BRXSP9,04/08/2026,Carvalima,4
BRXSP9,04/08/2026,J&T,96
BRXSP9,04/08/2026,Jad,1
BRXSP9,04/08/2026,iMile Fast,5
BRXSP9,04/08/2026,iMile Slow,1
CAMPINAS,04/08/2026,J&T,119
CAMPINAS,04/08/2026,Jad,5
CAMPINAS,04/08/2026,Loggi,1
XMG1,04/08/2026,J&T,66
XSP4,04/08/2026,J&T,14
ARENA,05/08/2026,J&T,107
BRSP04,05/08/2026,J&T,2
BRXGO1,05/08/2026,J&T,4
BRXSP10,05/08/2026,J&T,536
BRXSP10,05/08/2026,Loggi,1
BRXSP5,05/08/2026,J&T,74
BRXSP9,05/08/2026,J&T,263
BRXSP9,05/08/2026,Jad,6
BRXSP9,05/08/2026,Loggi,2
BRXSP9,05/08/2026,iMile Fast,5
CAMPINAS,05/08/2026,J&T,2
CAMPINAS,05/08/2026,Loggi,1
XMG1,05/08/2026,J&T,33
XSP4,05/08/2026,J&T,6
ARENA,06/08/2026,J&T,9
ARENA,06/08/2026,Loggi,1
BRXGO1,06/08/2026,J&T,40
BRXSP10,06/08/2026,J&T,2
BRXSP5,06/08/2026,J&T,2
BRXSP9,06/08/2026,J&T,28
BRXSP9,06/08/2026,Jad,8
BRXSP9,06/08/2026,Loggi,2
BRXSP9,06/08/2026,iMile Fast,1
CAMPINAS,06/08/2026,J&T,1
XMG1,06/08/2026,J&T,23
ARENA,07/08/2026,J&T,8
BRXGO1,07/08/2026,J&T,1
BRXSP9,07/08/2026,Dominalog,1
BRXSP9,07/08/2026,J&T,17
BRXSP9,07/08/2026,Jad,1
BRXSP9,07/08/2026,Loggi,4
BRXSP9,07/08/2026,iMile Fast,3
BRXSP5,08/08/2026,J&T,2
BRXSP9,08/08/2026,Dominalog,4
BRXSP9,08/08/2026,J&T,20
BRXSP9,08/08/2026,Jad,1
BRXSP9,08/08/2026,Loggi,1
BRXSP9,08/08/2026,iMile Fast,6
BRXSP9,08/08/2026,iMile Slow,1
CAMPINAS,08/08/2026,J&T,1
XSP4,08/08/2026,J&T,1
BRXSP9,10/08/2026,Carvalima,2
BRXSP9,10/08/2026,J&T,90
BRXSP9,10/08/2026,Jad,2
BRXSP9,10/08/2026,Loggi,2
BRXSP9,10/08/2026,iMile Fast,3
BRXSP9,10/08/2026,iMile Slow,2
ARENA,11/08/2026,Loggi,2
BRXGO1,11/08/2026,J&T,1
BRXSP10,11/08/2026,J&T,1
BRXSP5,11/08/2026,J&T,1
BRXSP9,11/08/2026,Carvalima,2
BRXSP9,11/08/2026,Dominalog,1
BRXSP9,11/08/2026,J&T,1
BRXSP9,11/08/2026,iMile Fast,7
CAMPINAS,11/08/2026,J&T,1
XMG1,11/08/2026,J&T,1
BRXSP10,12/08/2026,J&T,1
BRXSP5,12/08/2026,J&T,1
BRXSP9,12/08/2026,Carvalima,2
BRXSP9,12/08/2026,J&T,20
BRXSP9,12/08/2026,Jad,2
BRXSP9,12/08/2026,Loggi,1
BRXSP9,12/08/2026,iMile Fast,12
BRXGO1,13/08/2026,J&T,1
BRXSP10,13/08/2026,J&T,1
BRXSP9,13/08/2026,Carvalima,2
BRXSP9,13/08/2026,J&T,11
BRXSP9,13/08/2026,Jad,7
BRXSP9,13/08/2026,Loggi,10
BRXSP9,13/08/2026,iMile Fast,2
BRXSP9,14/08/2026,Dominalog,1
BRXSP9,14/08/2026,J&T,2
BRXSP9,14/08/2026,iMile Fast,2
BRXSP9,14/08/2026,iMile Slow,1
XSP4,14/08/2026,J&T,1
BRXSP9,15/08/2026,Dominalog,1
BRXSP9,15/08/2026,J&T,4
BRXSP9,15/08/2026,Jad,2
BRXSP9,15/08/2026,iMile Fast,1
BRXSP9,17/08/2026,J&T,4
ARENA,18/08/2026,Loggi,1
BRXGO1,18/08/2026,J&T,1
BRXSP9,18/08/2026,J&T,1
BRXSP9,18/08/2026,iMile Fast,8
CAMPINAS,18/08/2026,J&T,3
CAMPINAS,18/08/2026,Jad,1
ARENA,19/08/2026,J&T,2
BRXSP9,19/08/2026,Carvalima,2
BRXSP9,19/08/2026,J&T,2
BRXSP9,19/08/2026,iMile Fast,1
CAMPINAS,19/08/2026,Loggi,1
ARENA,20/08/2026,J&T,1
BRXGO1,20/08/2026,J&T,1
BRXSP9,20/08/2026,Carvalima,1
BRXSP9,20/08/2026,J&T,5
BRXSP9,20/08/2026,Loggi,2
BRXSP9,21/08/2026,J&T,1
BRXSP9,21/08/2026,Jad,1
BRXSP9,21/08/2026,Loggi,1
BRXSP9,21/08/2026,iMile Fast,1
ARENA,22/08/2026,J&T,1
BRXSP5,22/08/2026,J&T,1
BRXSP9,22/08/2026,J&T,6
BRXSP9,24/08/2026,J&T,2
BRXSP9,25/08/2026,Carvalima,1
BRXSP9,25/08/2026,iMile Slow,1
CAMPINAS,25/08/2026,J&T,2
XMG1,25/08/2026,J&T,1
ARENA,26/08/2026,J&T,2
BRXSP10,26/08/2026,J&T,1
BRXSP9,26/08/2026,J&T,4
BRXSP9,26/08/2026,iMile Fast,1
BRXSP9,26/08/2026,iMile Slow,1
XMG1,26/08/2026,J&T,1
XSP4,26/08/2026,J&T,1
XSP4,26/08/2026,Loggi,1
BRXSP9,27/08/2026,Jad,1
CAMPINAS,27/08/2026,J&T,1
BRXSP9,28/08/2026,J&T,1
BRXSP9,28/08/2026,iMile Fast,2
BRXSP9,29/08/2026,J&T,1
BRXSP9,29/08/2026,iMile Fast,1
BRXSP9,29/08/2026,iMile Slow,1
BRXSP9,02/09/2026,J&T,1
CAMPINAS,02/09/2026,J&T,1
BRXSP10,03/09/2026,J&T,1
BRXSP5,03/09/2026,J&T,1
BRXSP9,03/09/2026,J&T,1
BRXSP10,04/09/2026,J&T,1
BRXSP9,04/09/2026,J&T,2
BRXSP10,05/09/2026,Loggi,1
BRXSP9,05/09/2026,Carvalima,1
BRXSP9,05/09/2026,J&T,1
BRXSP9,05/09/2026,iMile Fast,1
BRXSP9,07/09/2026,J&T,6
BRXSP10,08/09/2026,J&T,2
BRXSP9,08/09/2026,Loggi,1
BRXSP9,09/09/2026,J&T,2
BRXSP9,09/09/2026,iMile Fast,2
CAMPINAS,09/09/2026,J&T,2
XSP4,09/09/2026,J&T,2
BRXSP10,10/09/2026,J&T,6
BRXSP5,10/09/2026,J&T,2
BRXSP9,10/09/2026,J&T,8
BRXSP9,10/09/2026,iMile Fast,1
BRXSP10,11/09/2026,J&T,3
BRXSP9,11/09/2026,J&T,3
BRXSP10,12/09/2026,J&T,1
BRXSP9,12/09/2026,J&T,1
BRXSP9,14/09/2026,J&T,3
BRXSP9,14/09/2026,Jad,1
BRXSP9,14/09/2026,iMile Fast,1
BRXSP9,15/09/2026,Carvalima,1
BRXSP9,15/09/2026,J&T,10
BRXSP9,15/09/2026,iMile Fast,1
CAMPINAS,15/09/2026,J&T,1
BRXSP9,16/09/2026,J&T,1
BRXSP9,16/09/2026,Loggi,3
BRXSP9,27/10/2026,Carvalima,1
BRXSP9,27/10/2026,J&T,2
BRXSP9,28/10/2026,Loggi,1
BRXSP9,03/11/2026,Carvalima,1
BRXSP9,03/11/2026,J&T,4
BRXSP9,03/11/2026,iMile Fast,1
BRTR01,01/12/2026,Jad,1